-- MySQL dump 10.13  Distrib 8.0.45, for Linux (aarch64)
--
-- Host: localhost    Database: umbrellamed
-- ------------------------------------------------------
-- Server version	8.0.45

/*!40101 SET @OLD_CHARACTER_SET_CLIENT=@@CHARACTER_SET_CLIENT */;
/*!40101 SET @OLD_CHARACTER_SET_RESULTS=@@CHARACTER_SET_RESULTS */;
/*!40101 SET @OLD_COLLATION_CONNECTION=@@COLLATION_CONNECTION */;
/*!50503 SET NAMES utf8mb4 */;
/*!40103 SET @OLD_TIME_ZONE=@@TIME_ZONE */;
/*!40103 SET TIME_ZONE='+00:00' */;
/*!40014 SET @OLD_UNIQUE_CHECKS=@@UNIQUE_CHECKS, UNIQUE_CHECKS=0 */;
/*!40014 SET @OLD_FOREIGN_KEY_CHECKS=@@FOREIGN_KEY_CHECKS, FOREIGN_KEY_CHECKS=0 */;
/*!40101 SET @OLD_SQL_MODE=@@SQL_MODE, SQL_MODE='NO_AUTO_VALUE_ON_ZERO' */;
/*!40111 SET @OLD_SQL_NOTES=@@SQL_NOTES, SQL_NOTES=0 */;

--
-- Table structure for table `clinic_hours`
--

DROP TABLE IF EXISTS `clinic_hours`;
/*!40101 SET @saved_cs_client     = @@character_set_client */;
/*!50503 SET character_set_client = utf8mb4 */;
CREATE TABLE `clinic_hours` (
  `hour_id` int NOT NULL AUTO_INCREMENT,
  `clinic_ID` int DEFAULT NULL,
  `day` varchar(25) DEFAULT NULL,
  `opening_time` time DEFAULT NULL,
  `closing_time` time DEFAULT NULL,
  PRIMARY KEY (`hour_id`),
  KEY `clinic_id_idx` (`clinic_ID`)
) ENGINE=InnoDB AUTO_INCREMENT=263 DEFAULT CHARSET=utf8mb4 COLLATE=utf8mb4_0900_ai_ci;
/*!40101 SET character_set_client = @saved_cs_client */;

--
-- Dumping data for table `clinic_hours`
--

LOCK TABLES `clinic_hours` WRITE;
/*!40000 ALTER TABLE `clinic_hours` DISABLE KEYS */;
INSERT INTO `clinic_hours` VALUES (1,1,'Monday','08:00:00','17:00:00'),(2,1,'Tuesday','08:00:00','17:00:00'),(3,1,'Wednesday','08:00:00','17:00:00'),(4,1,'Thursday','08:00:00','17:00:00'),(5,1,'Friday','08:00:00','17:00:00'),(6,1,'Saturday',NULL,NULL),(7,1,'Sunday',NULL,NULL),(8,2,'Monday','08:00:00','17:00:00'),(9,2,'Tuesday','08:00:00','17:00:00'),(10,2,'Wednesday','08:00:00','17:00:00'),(11,2,'Thursday','08:00:00','17:00:00'),(12,2,'Friday','08:00:00','17:00:00'),(13,2,'Saturday',NULL,NULL),(14,2,'Sunday',NULL,NULL),(15,3,'Monday','08:00:00','20:00:00'),(16,3,'Tuesday','08:00:00','20:00:00'),(17,3,'Wednesday','08:00:00','20:00:00'),(18,3,'Thursday','08:00:00','20:00:00'),(19,3,'Friday','08:00:00','20:00:00'),(20,3,'Saturday','08:00:00','20:00:00'),(21,3,'Sunday','12:00:00','17:00:00'),(22,4,'Monday','08:00:00','20:00:00'),(23,4,'Tuesday','08:00:00','20:00:00'),(24,4,'Wednesday','08:00:00','20:00:00'),(25,4,'Thursday','08:00:00','20:00:00'),(26,4,'Friday','08:00:00','20:00:00'),(27,4,'Saturday','08:00:00','20:00:00'),(28,4,'Sunday','08:00:00','20:00:00'),(29,5,'Monday','08:00:00','20:00:00'),(30,5,'Tueday','08:00:00','20:00:00'),(31,5,'Wednesday','08:00:00','20:00:00'),(32,5,'Thursday','08:00:00','20:00:00'),(33,5,'Friday','08:00:00','20:00:00'),(34,5,'Saturday','08:00:00','20:00:00'),(35,5,'Sunday','08:00:00','20:00:00'),(36,6,'Monday','08:00:00','19:00:00'),(37,6,'Monday','08:00:00','19:00:00'),(38,6,'Tuesday','08:00:00','19:00:00'),(39,6,'Wednesday','08:00:00','19:00:00'),(40,6,'Thursday','08:00:00','19:00:00'),(41,6,'Friday','08:00:00','19:00:00'),(42,6,'Saturday','08:00:00','19:00:00'),(43,6,'Sunday',NULL,NULL),(44,7,'Monday','08:00:00','20:00:00'),(45,7,'Tuesday','08:00:00','20:00:00'),(46,7,'Wednesday','08:00:00','20:00:00'),(47,7,'Thursday','08:00:00','20:00:00'),(48,7,'Friday','08:00:00','20:00:00'),(49,7,'Saturday','08:00:00','20:00:00'),(50,7,'Sunday','08:00:00','15:00:00'),(51,8,'Monday','08:00:00','17:00:00'),(52,8,'Monday','08:00:00','17:00:00'),(53,8,'Tuesday','08:00:00','17:00:00'),(54,8,'Wednesday','08:00:00','17:00:00'),(55,8,'Thursday','08:00:00','17:00:00'),(56,8,'Friday','08:00:00','17:00:00'),(57,8,'Saturday','08:00:00','17:00:00'),(58,8,'Sunday',NULL,NULL),(59,9,'Monday','08:00:00','19:00:00'),(60,9,'Tuesday','08:00:00','19:00:00'),(61,9,'Wednesday','08:00:00','19:00:00'),(62,9,'Thursday','08:00:00','19:00:00'),(63,9,'Friday','08:00:00','19:00:00'),(64,9,'Saturday','08:00:00','19:00:00'),(65,9,'Sunday','08:00:00','12:00:00'),(66,10,'Monday','08:00:00','19:00:00'),(67,10,'Tuesday','08:00:00','19:00:00'),(68,10,'Wednesday','08:00:00','19:00:00'),(69,10,'Thursday','08:00:00','19:00:00'),(70,10,'Friday','08:00:00','19:00:00'),(71,10,'Saturday',NULL,NULL),(72,10,'Sunday',NULL,NULL),(73,11,'Monday','08:00:00','19:00:00'),(74,11,'Tuesday','08:00:00','19:00:00'),(75,11,'Wednesday','08:00:00','19:00:00'),(76,11,'Thursday','08:00:00','19:00:00'),(77,11,'Friday','08:00:00','19:00:00'),(78,11,'Saturday',NULL,NULL),(79,11,'Wednesday',NULL,NULL),(80,12,'Monday','08:00:00','20:00:00'),(81,12,'Tuesday','08:00:00','20:00:00'),(82,12,'Wednesday','08:00:00','20:00:00'),(83,12,'Thursday','08:00:00','20:00:00'),(84,12,'Friday','08:00:00','20:00:00'),(85,12,'Saturday','08:00:00','20:00:00'),(86,12,'Sunday','08:00:00','20:00:00'),(87,13,'Monday','08:00:00','18:00:00'),(88,13,'Tuesday','08:00:00','18:00:00'),(89,13,'Wedneday','08:00:00','18:00:00'),(90,13,'Thursday','08:00:00','18:00:00'),(91,13,'Friday','08:00:00','18:00:00'),(92,13,'Saturday',NULL,NULL),(93,13,'Sunday',NULL,NULL),(94,14,'Monday','08:00:00','20:00:00'),(95,14,'Tuesday','08:00:00','20:00:00'),(96,14,'Wednesday','08:00:00','20:00:00'),(97,14,'Thursday','08:00:00','20:00:00'),(98,14,'Friday','08:00:00','20:00:00'),(99,14,'Saturday','08:00:00','20:00:00'),(100,14,'Sunday','12:00:00','17:00:00'),(101,15,'Monday','08:00:00','18:00:00'),(102,15,'Tuesday','08:00:00','18:00:00'),(103,15,'Wednesday','08:00:00','18:00:00'),(104,15,'Thursday','08:00:00','18:00:00'),(105,15,'Friday','08:00:00','18:00:00'),(106,15,'Saturday',NULL,NULL),(107,15,'Monday',NULL,NULL),(108,16,'Monday','08:00:00','17:00:00'),(109,16,'Tuesday','08:00:00','17:00:00'),(110,16,'Wednesday','08:00:00','17:00:00'),(111,16,'Thursday','08:00:00','17:00:00'),(112,16,'Friday','08:00:00','17:00:00'),(113,16,'Saturday','08:00:00','17:00:00'),(114,16,'Sunday',NULL,NULL),(115,17,'Monday','08:00:00','18:00:00'),(116,17,'Tuesday','08:00:00','18:00:00'),(117,17,'Wednesday','08:00:00','18:00:00'),(118,17,'Thursday','08:00:00','18:00:00'),(119,17,'Thursday','08:00:00','18:00:00'),(120,17,'Friday','08:00:00','18:00:00'),(121,17,'Saturday','08:00:00','15:00:00'),(122,17,'Sunday',NULL,NULL),(123,18,'Monday','08:00:00','20:00:00'),(124,18,'Tuesday','08:00:00','20:00:00'),(125,18,'Wednesday','08:00:00','20:00:00'),(126,18,'Thursay','08:00:00','20:00:00'),(127,18,'Friday','08:00:00','20:00:00'),(128,18,'Saturday','08:00:00','15:00:00'),(129,18,'Sunday','08:00:00','15:00:00'),(130,19,'Monday','08:00:00','20:00:00'),(131,19,'Tuesday','08:00:00','20:00:00'),(132,19,'Wednesday','08:00:00','20:00:00'),(133,19,'Thursday','08:00:00','20:00:00'),(134,19,'Friday','08:00:00','20:00:00'),(135,19,'Saturday','08:00:00','20:00:00'),(136,19,'Sunday','08:00:00','20:00:00'),(137,20,'Monday','08:00:00','20:00:00'),(138,20,'Tuesday','08:00:00','20:00:00'),(139,20,'Wednesday','08:00:00','20:00:00'),(140,20,'Thursday','08:00:00','20:00:00'),(141,20,'Friday','08:00:00','20:00:00'),(142,20,'Saturday','08:00:00','20:00:00'),(143,20,'Sunday','08:00:00','20:00:00'),(144,21,'Monday','08:00:00','20:00:00'),(145,21,'Tuesday','08:00:00','20:00:00'),(146,21,'Wednesday','08:00:00','20:00:00'),(147,21,'Thursday','08:00:00','20:00:00'),(148,21,'Friday','08:00:00','20:00:00'),(149,21,'Saturday','08:00:00','20:00:00'),(150,21,'Sunday','08:00:00','20:00:00'),(151,22,'Monday','08:00:00','20:00:00'),(152,22,'Tuesday','08:00:00','20:00:00'),(153,22,'Wednesday','08:00:00','20:00:00'),(154,22,'Thursday','08:00:00','20:00:00'),(155,22,'Friday','08:00:00','20:00:00'),(156,22,'Saturday','08:00:00','20:00:00'),(157,22,'Sunday','08:00:00','20:00:00'),(158,23,'Monday','08:00:00','17:00:00'),(159,23,'Tuesday','08:00:00','17:00:00'),(160,23,'Wednesday','08:00:00','17:00:00'),(161,23,'Thursday','08:00:00','17:00:00'),(162,23,'Friday','08:00:00','17:00:00'),(163,23,'Saturday',NULL,NULL),(164,23,'Sunday',NULL,NULL),(165,24,'Monday','08:00:00','17:00:00'),(166,24,'Tuesday','08:00:00','17:00:00'),(167,24,'Wednesday','08:00:00','17:00:00'),(168,24,'Thursday','08:00:00','17:00:00'),(169,24,'Friday','08:00:00','17:00:00'),(170,24,'Saturday',NULL,NULL),(171,24,'Sunday',NULL,NULL),(172,25,'Monday','08:00:00','17:00:00'),(173,25,'Tuesday','08:00:00','17:00:00'),(174,25,'Wednesday','08:00:00','17:00:00'),(175,25,'Thursday','08:00:00','17:00:00'),(176,25,'Friday','08:00:00','17:00:00'),(177,25,'Saturday',NULL,NULL),(178,25,'Sunday',NULL,NULL),(179,26,'Monday','08:00:00','17:00:00'),(180,26,'Tuesday','08:00:00','17:00:00'),(181,26,'Wednesday','08:00:00','17:00:00'),(182,26,'Thursday','08:00:00','17:00:00'),(183,26,'Friday','08:00:00','17:00:00'),(184,26,'Saturday',NULL,NULL),(185,26,'Sunday',NULL,NULL),(186,27,'Monday',NULL,NULL),(187,27,'Tuesday',NULL,NULL),(188,27,'Wednesday',NULL,NULL),(189,27,'Thursday',NULL,NULL),(190,27,'Friday',NULL,NULL),(191,27,'Saturday',NULL,NULL),(192,27,'Sunday',NULL,NULL),(193,28,'Monday',NULL,NULL),(194,28,'Tuesday',NULL,NULL),(195,28,'Wednesday',NULL,NULL),(196,28,'Thursday',NULL,NULL),(197,28,'Friday',NULL,NULL),(198,28,'Saturday',NULL,NULL),(199,28,'Sunday',NULL,NULL),(200,29,'Monday','08:00:00','17:00:00'),(201,29,'Tuesday','08:00:00','17:00:00'),(202,29,'Wednesday','08:00:00','17:00:00'),(203,29,'Thursday','08:00:00','17:00:00'),(204,29,'Friday','08:00:00','17:00:00'),(205,29,'Saturday',NULL,NULL),(206,29,'Sunday',NULL,NULL),(207,30,'Monday','08:00:00','17:00:00'),(208,30,'Tuesday','08:00:00','17:00:00'),(209,30,'Wednesday','08:00:00','17:00:00'),(210,30,'Thursday','08:00:00','17:00:00'),(211,30,'Friday','08:00:00','17:00:00'),(212,30,'Saturday',NULL,NULL),(213,30,'Sunday',NULL,NULL),(214,31,'Monday','08:00:00','17:00:00'),(215,31,'Tuesday','08:00:00','17:00:00'),(216,31,'Wednesday','08:00:00','17:00:00'),(217,31,'Thursday','08:00:00','17:00:00'),(218,31,'Friday','08:00:00','17:00:00'),(219,31,'Saturday',NULL,NULL),(220,31,'Sunday',NULL,NULL),(221,32,'Monday','08:00:00','17:00:00'),(222,32,'Tuesday','08:00:00','17:00:00'),(223,32,'Wednesday','08:00:00','17:00:00'),(224,32,'Thursday','08:00:00','17:00:00'),(225,32,'Friday','08:00:00','17:00:00'),(226,32,'Saturday',NULL,NULL),(227,32,'Sunday',NULL,NULL),(228,33,'Monday','08:00:00','17:00:00'),(229,33,'Tuesday','08:00:00','17:00:00'),(230,33,'Wednesday','08:00:00','17:00:00'),(231,33,'Thursday','08:00:00','17:00:00'),(232,33,'Friday','08:00:00','17:00:00'),(233,33,'Saturday',NULL,NULL),(234,33,'Sunday',NULL,NULL),(235,34,'Monday','08:00:00','17:00:00'),(236,34,'Tuesday','08:00:00','17:00:00'),(237,34,'Wednesday','08:00:00','17:00:00'),(238,34,'Thursday','08:00:00','17:00:00'),(239,34,'Friday','08:00:00','17:00:00'),(240,34,'Saturday',NULL,NULL),(241,34,'Sunday',NULL,NULL),(242,35,'Monday','08:00:00','17:00:00'),(243,35,'Tuesday','08:00:00','17:00:00'),(244,35,'Wednesday','08:00:00','17:00:00'),(245,35,'Thursday','08:00:00','17:00:00'),(246,35,'Friday','08:00:00','17:00:00'),(247,35,'Saturday',NULL,NULL),(248,35,'Sunday',NULL,NULL),(249,36,'Monday','05:00:00','20:00:00'),(250,36,'Tuesday','05:00:00','20:00:00'),(251,36,'Wednesday','05:00:00','20:00:00'),(252,36,'Thursday','05:00:00','20:00:00'),(253,36,'Friday','05:00:00','20:00:00'),(254,36,'Saturday','05:00:00','20:00:00'),(255,36,'Sunday','08:00:00','17:00:00'),(256,37,'Monday','08:00:00','17:00:00'),(257,37,'Tuesday','08:00:00','17:00:00'),(258,37,'Wednesday','08:00:00','17:00:00'),(259,37,'Thursday','08:00:00','17:00:00'),(260,37,'Friday','08:00:00','17:00:00'),(261,37,'Saturday',NULL,NULL),(262,37,'Sunday',NULL,NULL);
/*!40000 ALTER TABLE `clinic_hours` ENABLE KEYS */;
UNLOCK TABLES;

--
-- Table structure for table `clinic_specialties`
--

DROP TABLE IF EXISTS `clinic_specialties`;
/*!40101 SET @saved_cs_client     = @@character_set_client */;
/*!50503 SET character_set_client = utf8mb4 */;
CREATE TABLE `clinic_specialties` (
  `clinic_id` int DEFAULT NULL,
  `specialty_id` int DEFAULT NULL,
  KEY `clinic_id` (`clinic_id`),
  KEY `specialty_id` (`specialty_id`),
  CONSTRAINT `clinic_specialties_ibfk_1` FOREIGN KEY (`clinic_id`) REFERENCES `clinics` (`clinic_id`),
  CONSTRAINT `clinic_specialties_ibfk_2` FOREIGN KEY (`specialty_id`) REFERENCES `specialties` (`specialty_id`)
) ENGINE=InnoDB DEFAULT CHARSET=utf8mb4 COLLATE=utf8mb4_0900_ai_ci;
/*!40101 SET character_set_client = @saved_cs_client */;

--
-- Dumping data for table `clinic_specialties`
--

LOCK TABLES `clinic_specialties` WRITE;
/*!40000 ALTER TABLE `clinic_specialties` DISABLE KEYS */;
INSERT INTO `clinic_specialties` VALUES (2,1),(2,2),(24,3),(15,3),(18,3),(22,4),(3,4),(4,4),(5,4),(21,4),(12,4),(9,4),(14,4),(16,4),(17,4),(19,4),(20,4),(13,4),(6,4),(33,7),(33,8),(2,9),(33,9),(26,10),(32,11),(10,11),(2,12),(37,14),(27,16),(28,16),(24,17),(15,17),(18,17),(13,18),(34,19),(31,29),(11,29),(13,29),(31,30),(11,30),(13,30),(33,31),(22,5),(3,5),(4,5),(5,5),(21,5),(6,5),(12,5),(9,5),(14,5),(16,5),(17,5),(13,5),(19,5),(20,5),(23,5),(1,5),(3,5),(4,5),(5,5),(21,5),(7,5),(8,5),(22,6),(3,6),(4,6),(5,6),(21,6),(6,6),(12,6),(9,6),(14,6),(16,6),(17,6),(13,6),(19,6),(20,6),(23,6),(1,6),(3,6),(4,6),(5,6),(21,6),(7,6),(8,6),(2,6),(22,13),(3,13),(4,13),(5,13),(21,13),(6,13),(12,13),(9,13),(14,13),(16,13),(13,13),(17,13),(19,13),(20,13),(23,13),(1,13),(3,13),(4,13),(5,13),(21,13),(8,13),(7,13),(22,15),(3,15),(4,15),(5,15),(21,15),(6,15),(12,15),(9,15),(14,15),(16,15),(17,15),(13,15),(19,15),(20,15),(23,15),(1,15),(3,15),(4,15),(5,15),(21,15),(7,15),(8,15),(22,21),(3,21),(4,21),(5,21),(21,21),(6,21),(12,21),(9,21),(14,21),(16,21),(17,21),(13,21),(19,21),(20,21),(23,21),(1,21),(3,21),(4,21),(5,21),(21,21),(7,21),(8,21),(22,20),(3,20),(4,20),(5,20),(21,20),(6,20),(12,20),(9,20),(14,20),(16,20),(17,20),(13,20),(19,20),(20,20),(23,20),(1,20),(3,20),(4,20),(5,20),(21,20),(7,20),(8,20),(22,23),(3,23),(4,23),(5,23),(21,23),(6,23),(12,23),(9,23),(14,23),(16,23),(17,23),(13,23),(19,23),(20,23),(23,23),(1,23),(3,23),(4,23),(5,23),(21,23),(7,23),(8,23),(15,23),(22,25),(3,25),(4,25),(5,25),(21,25),(6,25),(12,25),(9,25),(14,25),(16,25),(17,25),(13,25),(19,25),(20,25),(23,25),(1,25),(3,25),(4,25),(5,25),(21,25),(7,25),(8,25),(27,28),(28,28),(22,28),(3,28),(4,28),(5,28),(21,28),(6,28),(12,28),(9,28),(14,28),(16,28),(17,28),(13,28),(19,28),(20,28),(23,28),(1,28),(3,28),(4,28),(5,28),(21,28),(7,28),(8,28),(22,22),(3,22),(4,22),(5,22),(21,22),(6,22),(12,22),(9,22),(14,22),(16,22),(17,22),(13,22),(19,22),(20,22),(22,24),(3,24),(4,24),(5,24),(21,24),(6,24),(12,24),(9,24),(14,24),(16,24),(17,24),(13,24),(19,24),(20,24),(22,26),(3,26),(4,26),(5,26),(21,26),(6,26),(12,26),(9,26),(14,26),(16,26),(17,26),(13,26),(19,26),(20,26),(22,27),(3,27),(4,27),(5,27),(21,27),(6,27),(12,27),(9,27),(14,27),(16,27),(17,27),(13,27),(19,27),(20,27);
/*!40000 ALTER TABLE `clinic_specialties` ENABLE KEYS */;
UNLOCK TABLES;

--
-- Table structure for table `clinics`
--

DROP TABLE IF EXISTS `clinics`;
/*!40101 SET @saved_cs_client     = @@character_set_client */;
/*!50503 SET character_set_client = utf8mb4 */;
CREATE TABLE `clinics` (
  `clinic_id` int NOT NULL AUTO_INCREMENT,
  `clinic_name` varchar(100) NOT NULL,
  `clinic_address` varchar(255) NOT NULL,
  `clinic_suite` varchar(45) NOT NULL,
  `clinic_city` varchar(45) NOT NULL,
  `clinic_state` varchar(2) NOT NULL,
  `clinic_zip` varchar(45) NOT NULL,
  `clinic_phone` varchar(45) NOT NULL,
  `clinic_fax` varchar(45) NOT NULL,
  PRIMARY KEY (`clinic_id`)
) ENGINE=InnoDB AUTO_INCREMENT=38 DEFAULT CHARSET=utf8mb4 COLLATE=utf8mb4_0900_ai_ci COMMENT='clinic information';
/*!40101 SET character_set_client = @saved_cs_client */;

--
-- Dumping data for table `clinics`
--

LOCK TABLES `clinics` WRITE;
/*!40000 ALTER TABLE `clinics` DISABLE KEYS */;
INSERT INTO `clinics` VALUES (1,'UmbrellaMed Primary and Pediatric Care-Asheville','53 S. French Broad Ave','Suite 101','Asheville','NC','28801','828-382-1117','828-381-2292'),(2,'UmbrellaMed Specialty Clinics -Asheville','53 S. French Broad Ave','Suite 201','Asheville','NC','28801','828-382-1120','828-381-2299'),(3,'UmbrellaMed Primary, Pediatric, and Urgent Care-Concord','217 B SE Branchview Dr','','Concord','NC','28025','704-555-9292','704-555-9535'),(4,'UmbrellaMed Primary, Pediatric, and Urgent Care -Gastonia','1525 East Garrison Rd','','Gastonia','NC','28054','704-555-9292','704-884-3627'),(5,'UmbrellaMed Primary, Pediatric, and Urgent Care -Hendersonville','500 Beverly Hank Center','','Hendersonville','NC','28702','828-255-6280','828-255-6288'),(6,'UmbrellaMed Primary, Pediatric, and Urgent Care -Lancaster','116 East Arch St','','Lancaster','SC','29720','803-236-9909','803-236-1112'),(7,'UmbrellaMed Primary and Pediatric Care -Mt. Airy','714 NC-89','','Mt. Airy','NC','27030','336-789-0011','336-789-6311'),(8,'UmbrellaMed Primary and Pediatric Care -Lexington','220 B N Main St','','Lexington','NC','277292','336-235-5555','336-233-7172'),(9,'UmbrellaMed Pediatric and Urget Care -Monroe','1008 E. West Roosevelt Blvd','Suite 107','Monroe','NC','28110','704-555-3981','704-555-3985'),(10,'UmbrellaMed Eye Center -Monroe','1008 E. West Roosevelt Blvd','Suite 106','Monroe','NC','28110','704-555-3985','704-555-3986'),(11,'UmbrellaMed Dental Care -Monroe','1008 E. West Roosevelt Blvd','Suite 108','Monroe','NC','28110','704-555-3990','704-555-3987'),(12,'UmbrellaMed Primary, Pediatric and Urgent Care -Lincolnton','910 East Main St','','Lincolnton','NC','28092','704-365-8300','704-365-8321'),(13,'UmbrellaMed Complete-Care Dental and Radiology','5815 Oleander Dr','','Wilmington','NC','28403','910-382-9000','910-382-9025'),(14,'UmbrellaMed Primary, Pediatric, and Urgent Care -Mooresville','164 Joe Knox Ave','Suite 100','Mooresville','NC','28117','704-555-3990','704-555-9362'),(15,'UmbrellaMed Radiology Services','164 Joe Knox Ave','Suite 104','Mooresville','NC','28117','704-555-9891','704-555-9362'),(16,'UmbrellaMed Primary, Pediatric, and Urgent Care -Newton','1 W A St','','Newton','NC','28658','704-228-9600','704-228-9603'),(17,'UmbrellaMed Primary, Pediatric, and Urgent Care -South Charlotte','16147 Lancaster Hwy','D','Charlotte','NC','28277','704-555-3828','704-555-9113'),(18,'UmbrellaMed Complete-Care Family Medicine and Urgent Care','5815 Oleander Dr','','Wilmington','NC','28403','910-382-9000','910-382-9025'),(19,'UmbrellaMed Primary, Pediatric, and Urgent Care -Spartanburg','128 Garner Rd','','Spartanburg','NC','29303','864-576-5523','84-576-5511'),(20,'UmbrellaMed Primary, Pediatric, and Urgent Care -Hickory','1123 13th Ave Dr SE','','Hickory','NC','28602','828-212-6545','828-212-6563'),(21,'UmbrellaMed Primary, Pediatric, and Urgent Care -Huntersville','1011 Rose Commons Dr','','Huntersville','NC','28070','704-555-5353','704-555-5375'),(22,'UmbrellaMed Urgent Care','1001 Rainy Day Cr BLDG A','102','Charlotte','NC','28262','704-555-5302','704-555-5222'),(23,'UmbrellaMed Primary and Pediatric Care','1001 Rainy Day Cr BLDG A','102','Charlotte','NC','28262','704-555-5302','704-555-5222'),(24,'UmbrellaMed Radiology Services','1001 Rainy Day Cr BLDB A','101','Charlotte','NC','28262','704-555-5306','704-555-5306'),(25,'UmbrellaMed Oncology Services','1001 Rainy Day Cr BLDG A','105','Charlotte','NC','28262','704-555-5308','704-555-5230'),(26,'UmbrellaMed Womens Health Services','1001 Rainy Day Cr BLDG A','106','Charlotte','NC','28262','704-555-5310','704-555-5230'),(27,'UmbrellaMed Teleheath','1001 Rainy Day Cr BLDG A','201','Charlotte','NC','28262','704-555-5312','704-555-5232'),(28,'UmbrellaMed Telehealth- Behavorial Services','1001 Rainy Day Cr BLDG A','202','Charlotte','NC','28262','704-555-5314','704-555-5234'),(29,'UmbrellaMed Behavorial Services','1001 Rainy Day Cr BLDG B','201','Charlotte','NC','28262','704-555-5316','704-555-5236'),(30,'UmbrellaMed Cardiology','1001 Rainy Day Cr BLDG A','106','Charlotte','NC','28262','704-555-5318','704-555-5238'),(31,'UmbrellaMed Dentistry and Orthodontics','1001 Rainy Day Cr BLDG A','107','Charlotte','NC','28262','704-555-5320','704-555-5240'),(32,'UmbrellaMed Eye Center','1001 Rainy Day Cr BLDG A','108','Charlotte','NC','28262','704-555-5322','704-555-5242'),(33,'UmbrellaMed Endocrinology','1001 Rainy Day Cr BLDG B','101','Charlotte','NC','28262','704-555-5324','704-555-5244'),(34,'UmbrellaMed Urology','1001 Rainy Day Cr BLDG B','102','Charlotte','NC','28262','704-555-5326','704-555-5246'),(35,'UmbrellaMed Chiropractic','1001 Rainy Day Cr BLDG B','103','Charlotte','NC','28262','704-555-5328','704-555-5248'),(36,'UmbrellaMed Wellness and Fitness Center','1001 Rainy Day Cr BLDG C','','Charlotte','NC','28262','704-555-5330','704-555-5250'),(37,'UmbrellaMed Orthopedics, Sports & Physical Therapy','1001 Rainy Day Cr BLDG C','104','Charlotte','NC','28262','704-555-5304','704-555-5224');
/*!40000 ALTER TABLE `clinics` ENABLE KEYS */;
UNLOCK TABLES;

--
-- Table structure for table `physicians`
--

DROP TABLE IF EXISTS `physicians`;
/*!40101 SET @saved_cs_client     = @@character_set_client */;
/*!50503 SET character_set_client = utf8mb4 */;
CREATE TABLE `physicians` (
  `physician_id` varchar(10) NOT NULL,
  `clinic_number` int NOT NULL,
  `first_name` varchar(15) NOT NULL,
  `last_name` varchar(15) NOT NULL,
  `job_position` varchar(100) NOT NULL,
  `email` varchar(50) NOT NULL,
  `city` varchar(25) NOT NULL,
  `state` varchar(2) NOT NULL,
  `emp_status` varchar(5) NOT NULL,
  PRIMARY KEY (`city`,`physician_id`),
  KEY `clinic_id_idx` (`clinic_number`),
  CONSTRAINT `clinic_id` FOREIGN KEY (`clinic_number`) REFERENCES `clinics` (`clinic_id`)
) ENGINE=InnoDB DEFAULT CHARSET=utf8mb4 COLLATE=utf8mb4_0900_ai_ci;
/*!40101 SET character_set_client = @saved_cs_client */;

--
-- Dumping data for table `physicians`
--

LOCK TABLES `physicians` WRITE;
/*!40000 ALTER TABLE `physicians` DISABLE KEYS */;
INSERT INTO `physicians` VALUES ('UM1400',2,'Jennifer','Davis','Dermatologist','DavisJ@umbrellamed.org','Asheville','NC','PERM'),('UM1456',2,'Clark','Kent','Epidemiology Specialist','kentc@umbrellamed.org','Asheville','NC','PERM'),('UM1579',1,'Burton','Alvarez','Internal Medicine Physician','AlvarezB@umbrellamed.org','Asheville','NC','PERM'),('UM1602',1,'Courtney','Brady','Radiologist Asst','BradyC@umbrellamed.org','Asheville','NC','PERM'),('UM1604',2,'Zena','Calderon','Infectous Disease Specialist','CalderonZ@umbrellamed.org','Asheville','NC','PERM'),('UM1608',1,'Matthew','Nash','Internal Medicine Physician','NashM@umbrellamed.org','Asheville','NC','PERM'),('UM1611',2,'Constance','Howe','Pediatrician','HoweC@umbrellamed.org','Asheville','NC','PERM'),('UM1612',1,'Elijah','Larson','Radiologist','LarsonE@umbrellamed.org','Asheville','NC','PERM'),('UM1648',1,'Stephanie','Nixon','Radiologist Asst','NixonS@umbrellamed.org','Asheville','NC','PERM'),('UM1664',1,'Stephen','Trevino','Family Nurse Practioner','TrevinoS@umbrellamed.org','Asheville','NC','PERM'),('UM1253',22,'Helena','Harper','Internal Medicine Physician','HarperHelena@umbrellamed.org','Charlotte','NC','PERM'),('UM1268',17,'Gideon','Emery','Pharmacy Tech','EmeryGideon@umbrellamed.org','Charlotte','NC','PERM'),('UM1364',22,'Danny','Trejos','Pharmacy Tech','TrejosDanny@umbrellamed.org','Charlotte','NC','PERM'),('UM1366',17,'Elizabeth','Keene','Radiologist','KeeneElizabeth@umbrellamed.org','Charlotte','NC','PERM'),('UM1379',17,'Scott','Lang','Physician Assistant','LangScott@umbrellamed.org','Charlotte','NC','PERM'),('UM1417',17,'Father','Gabriel','Radiologist','GabrielFather@umbrellamed.org','Charlotte','NC','PERM'),('UM1468',17,'Peter','Quill','Family Care Physician','QuillPeter@umbrellamed.org','Charlotte','NC','PERM'),('UM1484',17,'Don','Eberhard','Radiologist Asst','EberhardDon@umbrellamed.org','Charlotte','NC','PERM'),('UM1525',17,'Frank','Lucas','Pharmacy Tech','LucasFrank@umbrellamed.org','Charlotte','NC','PERM'),('UM1588',17,'Marny','Avery','Pediatrician','AveryMarny@umbrellamed.org','Charlotte','NC','PERM'),('UM1589',17,'Zane','Quinn','Pediatrician','QuinnZane@umbrellamed.org','Charlotte','NC','PERM'),('UM1590',17,'Ursa','Wiley','Infectous Disease Specialist','WileyUrsa@umbrellamed.org','Charlotte','NC','PERM'),('UM1591',17,'Grant','Simmons','Internal Medicine Physician','SimmonsGrant@umbrellamed.org','Charlotte','NC','PERM'),('UM1592',17,'Kimberly','Rose','Internal Medicine Physician','RoseKimberly@umbrellamed.org','Charlotte','NC','PERM'),('UM1593',17,'Dexter','Olsen','Internal Medicine Physician','OlsenDexter@umbrellamed.org','Charlotte','NC','PERM'),('UM1668',17,'Delilah','Buckley','Endocrinologist','BuckleyDelilah@umbrellamed.org','Charlotte','NC','PERM'),('UM1679',17,'Breanna','Price','Physician Assistant - Pediatrics','PriceBreanna@umbrellamed.org','Charlotte','NC','PERM'),('UM1680',22,'Emma','Smith','Care Manager','SmithEmmian@umbrellamed.org','Charlotte','NC','PERM'),('UM1681',22,'Olivia','Johnson','Clinic Manager - Main Campus Urgent Care','JohnsonOliian@umbrellamed.org','Charlotte','NC','PERM'),('UM1682',22,'Ava','Williams','Director - Medical Services- Main Campus Urgent Care','WilliamsAvaian@umbrellamed.org','Charlotte','NC','PERM'),('UM1684',22,'Sophia','Brown','Ophthamologist','BrownSopian@umbrellamed.org','Charlotte','NC','PERM'),('UM1685',22,'Mia','Davis','Patient Services Representative','DavisMiaian@umbrellamed.org','Charlotte','NC','PERM'),('UM1686',22,'Charlotte','Miller','Pharm Tech','MillerChaian@umbrellamed.org','Charlotte','NC','PERM'),('UM1688',22,'Harper','Moore','Physician Assistant','MooreHarian@umbrellamed.org','Charlotte','NC','PERM'),('UM1689',22,'Evelyn','Taylor','Physician Assistant','TaylorEveian@umbrellamed.org','Charlotte','NC','PERM'),('UM1690',22,'Abigail','Anderson','Radiologist','AndersonAbiian@umbrellamed.org','Charlotte','NC','PERM'),('UM1691',22,'Emily','Thomas','Radiologist Asst','ThomasEmiian@umbrellamed.org','Charlotte','NC','PERM'),('UM1692',22,'Elizabeth','Jackson','Radiology Tech','JacksonEliian@umbrellamed.org','Charlotte','NC','PERM'),('UM1693',22,'Sofia','White','Registered Medical Assistant','WhiteSofian@umbrellamed.org','Charlotte','NC','PERM'),('UM1694',22,'Scarlett','Harris','Registered Medical Assistant','HarrisScaian@umbrellamed.org','Charlotte','NC','PERM'),('UM1695',22,'Grace','Martin','Registered Nurse','MartinGraian@umbrellamed.org','Charlotte','NC','PERM'),('UM1696',23,'Lily','Thompson','Staff Pharmacist','ThompsonLilian@umbrellamed.org','Charlotte','NC','PERM'),('UM1697',23,'Victoria','Garcia','Care Manager','GarciaVician@umbrellamed.org','Charlotte','NC','PERM'),('UM1698',23,'Aria','Martinez','Clinic Manager - Main Campus Primary and Pediatric Care','MartinezAriian@umbrellamed.org','Charlotte','NC','PERM'),('UM1699',23,'Penelope','Robinson','Director - Medical Services-Main Campus Primary and Pediatric Care','RobinsonPenian@umbrellamed.org','Charlotte','NC','PERM'),('UM1700',23,'Layla','Clark','Infectous Disease Specialist','ClarkLayian@umbrellamed.org','Charlotte','NC','PERM'),('UM1701',23,'Chloe','Rodriguez','Ophthamologist','RodriguezChlian@umbrellamed.org','Charlotte','NC','PERM'),('UM1702',23,'Zoey','Lewis','Patient Services Representative','LewisZoeian@umbrellamed.org','Charlotte','NC','PERM'),('UM1703',23,'Hannah','Lee','Pharm Tech','LeeHanian@umbrellamed.org','Charlotte','NC','PERM'),('UM1704',23,'Madison','Hall','Pharmacy Assistant Manager','HallMadian@umbrellamed.org','Charlotte','NC','PERM'),('UM1705',23,'Eleanor','Turner','Physician Assistant','TurnerEleian@umbrellamed.org','Charlotte','NC','PERM'),('UM1706',23,'Ellie','Walker','Physician Assistant','WalkerEllian@umbrellamed.org','Charlotte','NC','PERM'),('UM1707',23,'Nora','Adams','Radiologist','AdamsNorian@umbrellamed.org','Charlotte','NC','PERM'),('UM1708',23,'Hazel','Hernandez','Radiologist Asst','HernandezHazian@umbrellamed.org','Charlotte','NC','PERM'),('UM1709',23,'Lucy','Parker','Radiology Tech','ParkerLucian@umbrellamed.org','Charlotte','NC','PERM'),('UM1712',23,'Zoe','Hill','Registered Nurse','HillZoeian@umbrellamed.org','Charlotte','NC','PERM'),('UM1713',23,'Mila','Scott','Staff Pharmacist','ScottMilian@umbrellamed.org','Charlotte','NC','PERM'),('UM1714',37,'Paisley','Green','Medical Assistant','GreenPaiian@umbrellamed.org','Charlotte','NC','PERM'),('UM1715',37,'Avery','Baker','Medical Assistant','BakerAveian@umbrellamed.org','Charlotte','NC','PERM'),('UM1716',37,'Ella','Young','Rehabilitation Aid','YoungEllian@umbrellamed.org','Charlotte','NC','PERM'),('UM1717',37,'Skylar','Allen','Rehabilitation Aid ','AllenSkyian@umbrellamed.org','Charlotte','NC','PERM'),('UM1718',37,'Violet','Torres','Orthopedic Physican Assistant','TorresVioian@umbrellamed.org','Charlotte','NC','PERM'),('UM1719',37,'Willow','Flores','Orthopedic Physican Assistant','FloresWilian@umbrellamed.org','Charlotte','NC','PERM'),('UM1720',37,'Ivy','Collins','Radiologist','CollinsIvyian@umbrellamed.org','Charlotte','NC','PERM'),('UM1722',37,'Bella','Garcia','Sports Medicine Physician','GarciaBelian@umbrellamed.org','Charlotte','NC','PERM'),('UM1723',37,'Genesis','Johnson','Sports Medicine Physician','JohnsonGenian@umbrellamed.org','Charlotte','NC','PERM'),('UM1724',37,'Luna','Adams','Orthopedic Surgeon','AdamsLunian@umbrellamed.org','Charlotte','NC','PERM'),('UM1725',37,'Claire','Russell','Orthopedic Surgeon','RussellClaian@umbrellamed.org','Charlotte','NC','PERM'),('UM1727',26,'Ruby','Stewart','Gynecologist','StewartRubian@umbrellamed.org','Charlotte','NC','PERM'),('UM1730',26,'Isla','Diaz','Certified Nurse-Midwife','DiazIslian@umbrellamed.org','Charlotte','NC','PERM'),('UM1731',26,'Alice','Perez','Certified Nurse-Midwife','PerezAliian@umbrellamed.org','Charlotte','NC','PERM'),('UM1732',26,'Naomi','Mitchell','Womens Health Nurse','MitchellNaoian@umbrellamed.org','Charlotte','NC','PERM'),('UM1734',26,'Lillian','Reed','Mamography Technologist','ReedLilian@umbrellamed.org','Charlotte','NC','PERM'),('UM1738',26,'Violet','Price','Certified Medical Assistant','PriceVioian@umbrellamed.org','Charlotte','NC','PERM'),('UM1742',24,'Ellie','Hayes','radiologist','HayesEllian@umbrellamed.org','Charlotte','NC','PERM'),('UM1744',24,'Lucy','Baker','radiologist assistant','BakerLucian@umbrellamed.org','Charlotte','NC','PERM'),('UM1745',29,'Hazel','Parker','psychiatrist','ParkerHazian@umbrellamed.org','Charlotte','NC','PERM'),('UM1746',29,'Paisley','Gonzalez','psychiatrist','GonzalezPaiian@umbrellamed.org','Charlotte','NC','PERM'),('UM1748',29,'Violet','Hughes','pyschologist','HughesVioian@umbrellamed.org','Charlotte','NC','PERM'),('UM1750',29,'Ivy','Alexander','psychiatric nuse practitioner','AlexanderIvyian@umbrellamed.org','Charlotte','NC','PERM'),('UM1753',29,'Bella','Powell','marriage and family therapist','PowellBelian@umbrellamed.org','Charlotte','NC','PERM'),('UM1758',25,'Ruby','Hayes','Medical Onoclogist','HayesRubian@umbrellamed.org','Charlotte','NC','PERM'),('UM1762',25,'Alice','Richardson','Oncology Nurse Practicioner','RichardsonAliian@umbrellamed.org','Charlotte','NC','PERM'),('UM1764',25,'Naomi','Hernandez','Oncology Nure Navigator','HernandezNaoian@umbrellamed.org','Charlotte','NC','PERM'),('UM1765',25,'Leah','Simmons','Radiation Therapist','SimmonsLeaian@umbrellamed.org','Charlotte','NC','PERM'),('UM1766',25,'Lillian','Howard','Medical Therapist','HowardLilian@umbrellamed.org','Charlotte','NC','PERM'),('UM1767',30,'Piper','Foster','Cardiologist','FosterPipian@umbrellamed.org','Charlotte','NC','PERM'),('UM1768',30,'Arianna','Bell','Cardoiology Nurse Practicioner','BellAriian@umbrellamed.org','Charlotte','NC','PERM'),('UM1769',30,'Riley','Murphy','Cardiologist','MurphyRilian@umbrellamed.org','Charlotte','NC','PERM'),('UM1792',31,'Ethan','Smith','Dental Laboratory Technician','SmithEthian@umbrellamed.org','Charlotte','NC','PERM'),('UM1793',31,'Mason','Johnson','Dental Assistant','JohnsonMasian@umbrellamed.org','Charlotte','NC','PERM'),('UM1794',31,'Logan','Williams','Periodontist','WilliamsLogian@umbrellamed.org','Charlotte','NC','PERM'),('UM1795',31,'James','Jones','Dental Hygientist','JonesJamian@umbrellamed.org','Charlotte','NC','PERM'),('UM1796',31,'Benjamin','Brown','Dental Hygientist','BrownBenian@umbrellamed.org','Charlotte','NC','PERM'),('UM1797',32,'William','Davis','Optician','DavisWilian@umbrellamed.org','Charlotte','NC','PERM'),('UM1798',32,'Samuel','Miller','Optician','MillerSamian@umbrellamed.org','Charlotte','NC','PERM'),('UM1799',32,'Henry','Wilson','Ophthamologist','WilsonHenian@umbrellamed.org','Charlotte','NC','PERM'),('UM1800',32,'Alexander','Moore','Optometrist','MooreAleian@umbrellamed.org','Charlotte','NC','PERM'),('UM1801',32,'Sebastian','Taylor','Optometrist','TaylorSebian@umbrellamed.org','Charlotte','NC','PERM'),('UM1802',32,'Jackson','Anderson','Ophthamologist','AndersonJacian@umbrellamed.org','Charlotte','NC','PERM'),('UM1803',32,'John','Thomas','Optician','ThomasJohian@umbrellamed.org','Charlotte','NC','PERM'),('UM1804',33,'Robert','Jackson','Endocrinologist','JacksonRobian@umbrellamed.org','Charlotte','NC','PERM'),('UM1805',33,'Michael','White','Endocrinologist','WhiteMician@umbrellamed.org','Charlotte','NC','PERM'),('UM1806',33,'Daniel','Harris','Endocrinology Nurse Practicioner','HarrisDanian@umbrellamed.org','Charlotte','NC','PERM'),('UM1807',33,'Joseph','Martin','Endocrinology Nurse Practicioner','MartinJosian@umbrellamed.org','Charlotte','NC','PERM'),('UM1808',33,'David','Thompson','Registered Dietician','ThompsonDavian@umbrellamed.org','Charlotte','NC','PERM'),('UM1809',33,'Matthew','Garcia','Registered Dietician','GarciaMatian@umbrellamed.org','Charlotte','NC','PERM'),('UM1810',25,'Christopher','Martinez','Registered Dietician','MartinezChrian@umbrellamed.org','Charlotte','NC','PERM'),('UM1811',25,'Nicholas','Robinson','Registered Dietician','RobinsonNician@umbrellamed.org','Charlotte','NC','PERM'),('UM1812',33,'Jack','Clark','Medical Assistant','ClarkJacian@umbrellamed.org','Charlotte','NC','PERM'),('UM1813',33,'Wyatt','Rodriguez','Medical Assistant','RodriguezWyaian@umbrellamed.org','Charlotte','NC','PERM'),('UM1814',33,'Owen','Lewis','Pharmacist','LewisOweian@umbrellamed.org','Charlotte','NC','PERM'),('UM1815',34,'Anthony','Lee','Urologist','LeeAntian@umbrellamed.org','Charlotte','NC','PERM'),('UM1816',34,'Caleb','Hall','Urologist','HallCalian@umbrellamed.org','Charlotte','NC','PERM'),('UM1817',34,'Isaac','Turner','Urology Nurse Practiciioner','TurnerIsaian@umbrellamed.org','Charlotte','NC','PERM'),('UM1818',34,'Andrew','Walker','Urology Nurse Practiciioner','WalkerAndian@umbrellamed.org','Charlotte','NC','PERM'),('UM1819',34,'Christopher','Adams','Urology Nurse','AdamsChrian@umbrellamed.org','Charlotte','NC','PERM'),('UM1820',34,'Benjamin','Hernandez','Urology Nurse','HernandezBenian@umbrellamed.org','Charlotte','NC','PERM'),('UM1822',34,'Wyatt','King','Urology Surgical Technican','KingWyaian@umbrellamed.org','Charlotte','NC','PERM'),('UM1823',34,'Henry','Hill','Urology Surgical Technican','HillHenian@umbrellamed.org','Charlotte','NC','PERM'),('UM1824',34,'Gabriel','Scott','Registered Dietician','ScottGabian@umbrellamed.org','Charlotte','NC','PERM'),('UM1825',34,'Owen','Green','Registered Dietician','GreenOweian@umbrellamed.org','Charlotte','NC','PERM'),('UM1826',34,'Daniel','Baker','Continence Nurse Specialist','BakerDanian@umbrellamed.org','Charlotte','NC','PERM'),('UM1827',34,'David','Young','Continence Nurse Specialist','YoungDavian@umbrellamed.org','Charlotte','NC','PERM'),('UM1829',34,'Joseph','Allen','Pediatric Urolgist','AllenJosian@umbrellamed.org','Charlotte','NC','PERM'),('UM1830',34,'Jackson','Torres','Pediatric Urolgist','TorresJacian@umbrellamed.org','Charlotte','NC','PERM'),('UM1831',34,'Aiden','Flores','Transgender Care Coordinator','FloresAidian@umbrellamed.org','Charlotte','NC','PERM'),('UM1832',34,'Samuel','Collins','Transgender Care Coordinator','CollinsSamian@umbrellamed.org','Charlotte','NC','PERM'),('UM1833',34,'Alexander','Turner','Transplant Coordinator','TurnerAleian@umbrellamed.org','Charlotte','NC','PERM'),('UM1834',34,'Henry','Murphy','Transplant Coodinator','MurphyHenian@umbrellamed.org','Charlotte','NC','PERM'),('UM1835',33,'Joseph','Garcia','Transplant Coordinator','GarciaJosian@umbrellamed.org','Charlotte','NC','PERM'),('UM1836',33,'Christopher','Johnson','Transplant Coordinator','JohnsonChrian@umbrellamed.org','Charlotte','NC','PERM'),('UM1837',35,'John','Adams','Chiropractor','AdamsJohian@umbrellamed.org','Charlotte','NC','PERM'),('UM1838',35,'Samuel','Russell','Chiropractor','RussellSamian@umbrellamed.org','Charlotte','NC','PERM'),('UM1839',35,'Andrew','Hall','Chiropractic Assisstant','HallAndian@umbrellamed.org','Charlotte','NC','PERM'),('UM1840',35,'James','Stewart','Chiropractic Assistant','StewartJamian@umbrellamed.org','Charlotte','NC','PERM'),('UM1841',35,'Daniel','Clark','Licensed Message Therapist','ClarkDanian@umbrellamed.org','Charlotte','NC','PERM'),('UM1842',35,'Joseph','James','Licensed Message Therapist','JamesJosian@umbrellamed.org','Charlotte','NC','PERM'),('UM1843',35,'William','Diaz','Licensed Message Therapist','DiazWilian@umbrellamed.org','Charlotte','NC','PERM'),('UM1844',35,'Joseph','Perez','Rehabilitation Specialist','PerezJosian@umbrellamed.org','Charlotte','NC','PERM'),('UM1845',35,'Michael','Mitchell','Rehabilitation Specialist','MitchellMician@umbrellamed.org','Charlotte','NC','PERM'),('UM1846',35,'Jack','Wilson','Radiologist','WilsonJacian@umbrellamed.org','Charlotte','NC','PERM'),('UM1847',35,'David','Reed','Radiologist','ReedDavian@umbrellamed.org','Charlotte','NC','PERM'),('UM1848',36,'Joseph','Davis','Fitness Trainer','DavisJosian@umbrellamed.org','Charlotte','NC','PERM'),('UM1849',36,'Jackson','Turner','Fitness Trainer','TurnerJacian@umbrellamed.org','Charlotte','NC','PERM'),('UM1850',36,'William','Carter','Fitness Trainer','CarterWilian@umbrellamed.org','Charlotte','NC','PERM'),('UM1851',36,'James','Price','Group Fitness Instructor','PriceJamian@umbrellamed.org','Charlotte','NC','PERM'),('UM1852',36,'Joseph','Nelson','Group Fitness Instructor','NelsonJosian@umbrellamed.org','Charlotte','NC','PERM'),('UM1853',36,'Noah','Martinez','Group Fitness Instructor','MartinezNoaian@umbrellamed.org','Charlotte','NC','PERM'),('UM1854',36,'Samuel','Foster','Dietician','FosterSamian@umbrellamed.org','Charlotte','NC','PERM'),('UM1860',36,'June','Gonzalez','Massage Therapist','GonzalezJamian@umbrellamed.org','Charlotte','NC','PERM'),('UM1861',36,'Benjamin','Sanders','Physical Therapist','SandersBenian@umbrellamed.org','Charlotte','NC','PERM'),('UM1862',36,'Jerusalem','Hughes','Physical Therapist','HughesWilian@umbrellamed.org','Charlotte','NC','PERM'),('UM1863',36,'Samuela','Ramirez','Yoga Instructor','RamirezSamian@umbrellamed.org','Charlotte','NC','PERM'),('UM1864',36,'Harriett','Alexander','Yoga Instructor','AlexanderHenian@umbrellamed.org','Charlotte','NC','PERM'),('UM1865',36,'Alexander','Evans','Pilates Instructor','EvansAleian@umbrellamed.org','Charlotte','NC','PERM'),('UM1866',36,'Sebastian','Coleman','Pilates Instructor','ColemanSebian@umbrellamed.org','Charlotte','NC','PERM'),('UM1867',36,'Jackson','Powell','Pilates Instructor','PowellJacian@umbrellamed.org','Charlotte','NC','PERM'),('UM1868',36,'John','Gray','Sports Medicine Physician','GrayJohian@umbrellamed.org','Charlotte','NC','PERM'),('UM1869',36,'Robert','Brooks','Sports Medicine Physician','BrooksRobian@umbrellamed.org','Charlotte','NC','PERM'),('UM1870',36,'Michael','Foster','Aquatics Finess Instructor','FosterMician@umbrellamed.org','Charlotte','NC','PERM'),('UM1871',36,'Ursa','Ross','Aquatics Finess Instructor','RossDanian@umbrellamed.org','Charlotte','NC','PERM'),('UM1872',36,'Joseph','Hayes','Psychologist','HayesJosian@umbrellamed.org','Charlotte','NC','PERM'),('UM1683',3,'Chava','Buckley','Pediatrician','BuckleyChava@umbrellamed.org','Concord','NC','PERM'),('UM1726',3,'Shelly','Bowers','Pediatrician','BowersShelly@umbrellamed.org','Concord','NC','PERM'),('UM1735',3,'Slade','Blevins','Internal Medicine Physician','BlevinsSlade@umbrellamed.org','Concord','NC','PERM'),('UM1737',3,'Chaim','Carson','Physician Assistant','CarsonChaim@umbrellamed.org','Concord','NC','PERM'),('UM1743',3,'Judith','Buck','Physician Assistant','BuckJudith@umbrellamed.org','Concord','NC','PERM'),('UM1291',4,'Deke','Shaw','Physician Assistant','shawd@umbrellamed.org','Gastonia','NC','PERM'),('UM1368',4,'Donald','Ressler','Radiologist','resslerd@umbrellamed.org','Gastonia','NC','PERM'),('UM1385',4,'Forrest','Whittaker','Pediatrician','whittakerf@umbrellamed.org','Gastonia','NC','PERM'),('UM1402',4,'Frank','Miller','Pharmacy Tech','millerf@umbrellamed.org','Gastonia','NC','PERM'),('UM1410',4,'Ellen','Ripley','Radiologist','ripleye@umbrellamed.org','Gastonia','NC','PERM'),('UM1498',4,'Casondra','Rutschke','Pharmacy Tech','rutschkec@umbrellamed.org','Gastonia','NC','PERM'),('UM1523',4,'Chris','Bridges','Family Care Physician','ludacris@umbrellamed.org','Gastonia','NC','PERM'),('UM1652',4,'Mike','Oxmall','Infectous Disease Specialist','oxmallm@umbrellamed.org','Gastonia','NC','PERM'),('UM1256',5,'Moira','Burton','Physician Assistant','burtonm@umbrellamed.org','Hendersonville','NC','PERM'),('UM1267',5,'George','Trevor','Pharmacy Tech','trevorg@umbrellamed.org','Hendersonville','NC','PERM'),('UM1275',5,'Deran','Cody','Radiologist Asst','codyd@umbrellamed.org','Hendersonville','NC','PERM'),('UM1296',5,'Doc','Beck','Radiologist','beckd@umbrellamed.org','Hendersonville','NC','PERM'),('UM1397',5,'Faith','Hill','Physician Assistant','hillf@umbrellamed.org','Hendersonville','NC','PERM'),('UM1520',5,'Harley','Quinn','Infectous Disease Specialist','quinnh@umbrellamed.org','Hendersonville','NC','PERM'),('UM1783',20,'Bert','Benjamin','Physician Assistant - Pediatrics','BenjaminBert@umbrellamed.org','Hickory','NC','PERM'),('UM1784',20,'Beau','Mccall','Registered Medical Assistant','MccallBeau@umbrellamed.org','Hickory','NC','PERM'),('UM1785',20,'Heather','Bradshaw','Registered Medical Assistant','BradshawHeather@umbrellamed.org','Hickory','NC','PERM'),('UM1786',20,'Grace','Kelly','Patient Services Representative','KellyGrace@umbrellamed.org','Hickory','NC','PERM'),('UM1787',20,'Odette','Noble','Patient Services Representative','NobleOdette@umbrellamed.org','Hickory','NC','PERM'),('UM1788',20,'Solomon','Mooney','Clinic Manager -Lancaster','MooneySolomon@umbrellamed.org','Hickory','NC','PERM'),('UM1789',20,'Carroll ','Daye','Director - Medical Services - Lancaster','DayeCarroll@umbrellamed.org','Hickory','NC','PERM'),('UM1790',20,'Newton','Poole','Laboratory Specialist','PooleNewton@umbrellamed.org','Hickory','NC','PERM'),('UM1791',20,'Rebecca','Finley','Radiology Tech','FinleyRebecca@umbrellamed.org','Hickory','NC','PERM'),('UM1257',21,'Natalia','Korda','DermaPathologist ','kordan@umbrellamed.org','Huntersville','NC','PERM'),('UM1347',21,'Spencer','Locke','Histotechnologist','LockeSpencer@umbrellamed.org','Huntersville','NC','PERM'),('UM1418',21,'Henry','McCord','Pathologist','mccordh@umbrellamed.org','Huntersville','NC','PERM'),('UM1421',21,'Conrad','Dalton','Immunology Specialist, R&D','daltonc@umbrellamed.org','Huntersville','NC','PERM'),('UM1477',21,'Shannon','Sharpe','Histotechnologist','sharpes@umbrellamed.org','Huntersville','NC','PERM'),('UM1478',21,'Heather','Hurst','Histotechnologist','hursth@umbrellamed.org','Huntersville','NC','PERM'),('UM1492',21,'Paige','Horne','Histotechnologist','hornep@umbrellamed.org','Huntersville','NC','PERM'),('UM1677',21,'Pamela','Mack','Physician Assistant - Pediatrics','MackP@umbrellamed.org','Huntersville','NC','PERM'),('UM1755',21,'Zoe','Leblanc','Internal Medicine Physician','LeblancZoe@umbrellamed.org','Huntersville','NC','PERM'),('UM1747',6,'Sage','Oneal','Registered Medical Assistant','OnealSage@umbrellamed.org','Lancaster','SC','PERM'),('UM1751',6,'Jolene','Sanders','Registered Medical Assistant','SandersJolene@umbrellamed.org','Lancaster','SC','PERM'),('UM1752',6,'Kellie','Meyers','Physician Assistant - Pediatrics','MeyersKellie@umbrellamed.org','Lancaster','SC','PERM'),('UM1754',6,'Tamara','Tyson','Patient Services Representative','TysonTamara@umbrellamed.org','Lancaster','SC','PERM'),('UM1757',6,'Leo','Solomon','Patient Services Representative','SolomonLeo@umbrellamed.org','Lancaster','SC','PERM'),('UM1759',6,'Steel','Morrow','Clinic Manager -Lancaster','MorrowSteel@umbrellamed.org','Lancaster','SC','PERM'),('UM1760',6,'Garth','Tucker','Director - Medical Services - Lancaster','TuckerGarth@umbrellamed.org','Lancaster','SC','PERM'),('UM1761',6,'Xyla','Winters','Laboratory Specialist','WintersXyla@umbrellamed.org','Lancaster','SC','PERM'),('UM1763',6,'Melissa','Taylor','Radiology Tech','TaylorMelissa@umbrellamed.org','Lancaster','SC','PERM'),('UM1244',12,'Sheva','Alomar','Internal Medicine Physician','alomars@umbrellamed.org','Lincolnton','NC','PERM'),('UM1341',12,'Shawn','Roberts','Pediatrician','robertss@umbrellamed.org','Lincolnton','NC','PERM'),('UM1373',12,'Elektra','Natchios','Radiologist','elektra@umbrellamed.org','Lincolnton','NC','PERM'),('UM1821',12,'Dinah','Drake','Radiologist Asst','draked@umbrellamed.org','Lincolnton','NC','PERM'),('UM1580',9,'Chadwick','Serrano','Pediatrician','SerranoC@umbrellamed.org','Monroe','NC','PERM'),('UM1581',9,'Germane','Morin','Family Nurse Practioner','MorinG@umbrellamed.org','Monroe','NC','PERM'),('UM1582',9,'Wang','Barrera','Infectous Disease Specialist','BarreraW@umbrellamed.org','Monroe','NC','PERM'),('UM1583',9,'Joy','Ayala','Internal Medicine Physician','AyalaJ@umbrellamed.org','Monroe','NC','PERM'),('UM1617',9,'Cassandra','Witt','Internal Medicine Physician','WittC@umbrellamed.org','Monroe','NC','PERM'),('UM1632',10,'Byron','Kirkland','Optometrist','KirklandB@umbrellamed.org','Monroe','NC','PERM'),('UM1634',10,'Jonah','Kirkland','Optometrist','KirklandJ@umbrellamed.org','Monroe','NC','PERM'),('UM1635',10,'May','Sweet','Optician','SweetM@umbrellamed.org','Monroe','NC','PERM'),('UM1640',11,'Roth','Crane','Dentist','CraneR@umbrellamed.org','Monroe','NC','PERM'),('UM1641',11,'Alvin','Perry','Periodontist','PerryA@umbrellamed.org','Monroe','NC','PERM'),('UM1644',11,'Tanisha','Boone','Dentist','BooneT@umbrellamed.org','Monroe','NC','PERM'),('UM1721',10,'Marshall','Black','Optician','BlackM@umbrellamed.org','Monroe','NC','PERM'),('UM1729',9,'Cain','Duran','Internal Medicine Physician','DuranC@umbrellamed.org','Monroe','NC','PERM'),('UM1771',14,'Erasmus','Garner','Physician Assistant - Pediatrics','GarnerErasmus@umbrellamed.org','Mooresville','NC','PERM'),('UM1772',14,'Quinlan','Guthrie','Registered Medical Assistant','GuthrieQuinlan@umbrellamed.org','Mooresville','NC','PERM'),('UM1773',14,'Lani','Cunningham','Registered Medical Assistant','CunninghamLani@umbrellamed.org','Mooresville','NC','PERM'),('UM1774',14,'Lareina','Vargas','Patient Services Representative','VargasLareina@umbrellamed.org','Mooresville','NC','PERM'),('UM1775',14,'Sawyer','Baxter','Patient Services Representative','BaxterSawyer@umbrellamed.org','Mooresville','NC','PERM'),('UM1776',14,'Haviva','Hess','Clinic Manager -Mooresville','HessHaviva@umbrellamed.org','Mooresville','NC','PERM'),('UM1777',14,'Stacy','Gilliam','Director - Medical Services - Mooresville','GilliamStacy@umbrellamed.org','Mooresville','NC','PERM'),('UM1778',14,'Brenden','Rowe','Laboratory Specialist','RoweBrenden@umbrellamed.org','Mooresville','NC','PERM'),('UM1779',15,'Risa','Bowman','Radiology Tech','BowmanRisa@umbrellamed.org','Mooresville','NC','PERM'),('UM1780',15,'Leah','Lawrence','Radiology Tech','LawrenceLeah@umbrellamed.org','Mooresville','NC','PERM'),('UM1781',15,'Chancellor','Clements','Radiology Tech','ClementsChancellor@umbrellamed.org','Mooresville','NC','PERM'),('UM1782',15,'Eugenia','Hopkins','Radiology Tech Assistant','HopkinsEugenia@umbrellamed.org','Mooresville','NC','PERM'),('UM1855',7,'Micah','Wallace','Internal Medicine Physician','wallacem@umbrellamed.org','Mt. Airy','NC','PERM'),('UM1856',7,'Pearl','Cotton','Internal Medicine Physician','cottonp@umbrellamed.org','Mt. Airy','NC','PERM'),('UM1857',7,'Quintessa','Oneal','Pediatrician','onealq@umbrellamed.org','Mt. Airy','NC','PERM'),('UM1858',7,'Cassady','Rosales','Family Care Physician','rosalesc@umbrellamed.org','Mt. Airy','NC','PERM'),('UM1246',16,'Excella','Gionne','Radiologist','gionnee@umbrellamed.org','Newton','NC','PERM'),('UM1261',16,'Mia','Baker','Medical Physicist','BakerM@umbrellamed.org','Newton','NC','PERM'),('UM1319',16,'Eugene','Porter','Radiologist Asst','portere@umbrellamed.org','Newton','NC','PERM'),('UM1501',16,'Ryland','Paige','Infectous Disease Specialist','paiger@umbrellamed.org','Newton','NC','PERM'),('UM1733',19,'Jaime','Preston','Physician Assistant - Pediatrics','PrestonJaime@umbrellamed.org','Spartanburg','NC','PERM'),('UM1736',19,'Talon','Pennington','Physician Assistant','PenningtonTalon@umbrellamed.org','Spartanburg','NC','PERM'),('UM1739',19,'Ross','Patterson','Family Care Physician','PattersonRoss@umbrellamed.org','Spartanburg','NC','PERM'),('UM1273',13,'Nomlanga','Dunn','Internal Medicine Physician','DunnNomlanga@umbrellamed.org','Wilmington','NC','PERM'),('UM1687',13,'Beck','Fields','Physician Assistant','FieldsBeck@umbrellamed.org','Wilmington','NC','PERM'),('UM1710',18,'Yasir','French','Radiologist','FrenchYasir@umbrellamed.org','Wilmington','NC','PERM'),('UM1711',13,'Kristen','Farmer','Family Care Physician','FarmerKristen@umbrellamed.org','Wilmington','NC','PERM'),('UM1728',18,'Nora','Galloway','Radiologist Asst','GallowayNora@umbrellamed.org','Wilmington','NC','PERM'),('UM1740',13,'Jelani','England','Internal Medicine Physician','EnglandJelani@umbrellamed.org','Wilmington','NC','PERM'),('UM1741',13,'Zenia','Franks','Physician Assistant','FranksZenia@umbrellamed.org','Wilmington','NC','PERM'),('UM1749',13,'Xandra','Foley','Physician Assistant','FoleyXandra@umbrellamed.org','Wilmington','NC','PERM'),('UM1756',13,'Yasir','Everett','Pediatrician','EverettYasir@umbrellamed.org','Wilmington','NC','PERM'),('UM1859',13,'Bertha','Middleton','Physician Assistant','middletonb@umbrellamed.org','Wilmington','NC','PERM');
/*!40000 ALTER TABLE `physicians` ENABLE KEYS */;
UNLOCK TABLES;

--
-- Table structure for table `specialties`
--

DROP TABLE IF EXISTS `specialties`;
/*!40101 SET @saved_cs_client     = @@character_set_client */;
/*!50503 SET character_set_client = utf8mb4 */;
CREATE TABLE `specialties` (
  `specialty_id` int NOT NULL AUTO_INCREMENT,
  `specialty_name` varchar(255) NOT NULL,
  PRIMARY KEY (`specialty_id`)
) ENGINE=InnoDB AUTO_INCREMENT=32 DEFAULT CHARSET=utf8mb4 COLLATE=utf8mb4_0900_ai_ci;
/*!40101 SET character_set_client = @saved_cs_client */;

--
-- Dumping data for table `specialties`
--

LOCK TABLES `specialties` WRITE;
/*!40000 ALTER TABLE `specialties` DISABLE KEYS */;
INSERT INTO `specialties` VALUES (1,'Allergy and immunology'),(2,'Dermatology'),(3,'Diagnostic radiology'),(4,'Emergency medicine'),(5,'Family medicine'),(6,'Internal medicine'),(7,'Medical genetics'),(8,'Neurology'),(9,'Nuclear medicine'),(10,'Obstetrics and gynecology'),(11,'Ophthalmology'),(12,'Pathology'),(13,'Pediatrics'),(14,'Physical medicine and rehabilitation'),(15,'Preventive medicine'),(16,'Psychiatry'),(17,'Radiation oncology'),(18,'Surgery'),(19,'Urology'),(20,'Primary Care'),(21,'Minor Injury Care'),(22,'Minor Surgery'),(23,'Xray'),(24,'Laboratory'),(25,'Physicals'),(26,'Travel Medicine'),(27,'Occupational Medicine '),(28,'Telemedicine'),(29,'Odontology'),(30,'Dentistry'),(31,'Endocrinology');
/*!40000 ALTER TABLE `specialties` ENABLE KEYS */;
UNLOCK TABLES;
/*!40103 SET TIME_ZONE=@OLD_TIME_ZONE */;

/*!40101 SET SQL_MODE=@OLD_SQL_MODE */;
/*!40014 SET FOREIGN_KEY_CHECKS=@OLD_FOREIGN_KEY_CHECKS */;
/*!40014 SET UNIQUE_CHECKS=@OLD_UNIQUE_CHECKS */;
/*!40101 SET CHARACTER_SET_CLIENT=@OLD_CHARACTER_SET_CLIENT */;
/*!40101 SET CHARACTER_SET_RESULTS=@OLD_CHARACTER_SET_RESULTS */;
/*!40101 SET COLLATION_CONNECTION=@OLD_COLLATION_CONNECTION */;
/*!40111 SET SQL_NOTES=@OLD_SQL_NOTES */;

-- Dump completed on 2026-03-13 11:08:21
